<?xml version="1.0" encoding="utf-8" standalone="yes"?>
<rss version="2.0" xmlns:atom="http://www.w3.org/2005/Atom">
  <channel>
    <title>IGLUBIT - Your Software Partner</title>
    <link>/</link>
    <description>Recent content on IGLUBIT - Your Software Partner</description>
    <generator>Hugo -- gohugo.io</generator>
    <lastBuildDate>Wed, 14 Jul 2021 00:00:00 +0000</lastBuildDate><atom:link href="/index.xml" rel="self" type="application/rss+xml" />
    <item>
      <title>Imprint</title>
      <link>/imprint/</link>
      <pubDate>Sat, 16 Oct 2021 00:00:00 +0000</pubDate>
      
      <guid>/imprint/</guid>
      <description>Iglubit GbR Willebrandstr. 35 22767 Hamburg  Tel.: +49 1575 496 0008 info(at)iglubit.</description>
    </item>
    
    <item>
      <title>Terms &amp; Conditions</title>
      <link>/terms-and-conditions/</link>
      <pubDate>Fri, 16 Jul 2021 00:00:00 +0000</pubDate>
      
      <guid>/terms-and-conditions/</guid>
      <description>1. Definitions We collect certain identifying personal data when you sign up to our Service such as your name, email address, financial address (if different from email address), and telephone number.</description>
    </item>
    
    <item>
      <title>The Real Product From the Buyers improvements in Overflow basis.</title>
      <link>/blog/post-1/</link>
      <pubDate>Wed, 14 Jul 2021 00:00:00 +0000</pubDate>
      
      <guid>/blog/post-1/</guid>
      <description>Laoreet mauris odio ut nec. Nisl, sed adipiscing dignissim arcu placerat ornare pharetra nec in.</description>
    </item>
    
    <item>
      <title>Why you should launch your product in phases not after done</title>
      <link>/blog/post-2/</link>
      <pubDate>Tue, 13 Jul 2021 00:00:00 +0000</pubDate>
      
      <guid>/blog/post-2/</guid>
      <description>Laoreet mauris odio ut nec. Nisl, sed adipiscing dignissim arcu placerat ornare pharetra nec in.</description>
    </item>
    
    <item>
      <title>Three reasons you DON’T need an app on the App Store</title>
      <link>/blog/post-3/</link>
      <pubDate>Mon, 12 Jul 2021 00:00:00 +0000</pubDate>
      
      <guid>/blog/post-3/</guid>
      <description>Laoreet mauris odio ut nec. Nisl, sed adipiscing dignissim arcu placerat ornare pharetra nec in.</description>
    </item>
    
    <item>
      <title>Five eCommerce lessons to learn from Bloom &amp; Wild</title>
      <link>/blog/post-4/</link>
      <pubDate>Sun, 11 Jul 2021 00:00:00 +0000</pubDate>
      
      <guid>/blog/post-4/</guid>
      <description>Laoreet mauris odio ut nec. Nisl, sed adipiscing dignissim arcu placerat ornare pharetra nec in.</description>
    </item>
    
    <item>
      <title>Using Wakanda for project management when working remote</title>
      <link>/blog/post-5/</link>
      <pubDate>Sat, 10 Jul 2021 00:00:00 +0000</pubDate>
      
      <guid>/blog/post-5/</guid>
      <description>Laoreet mauris odio ut nec. Nisl, sed adipiscing dignissim arcu placerat ornare pharetra nec in.</description>
    </item>
    
    <item>
      <title>How to write a brief for a new website or app.</title>
      <link>/blog/post-6/</link>
      <pubDate>Fri, 09 Jul 2021 00:00:00 +0000</pubDate>
      
      <guid>/blog/post-6/</guid>
      <description>Laoreet mauris odio ut nec. Nisl, sed adipiscing dignissim arcu placerat ornare pharetra nec in.</description>
    </item>
    
    <item>
      <title>How and why we decided to launch an EMI scheme for our employees.</title>
      <link>/blog/post-7/</link>
      <pubDate>Thu, 08 Jul 2021 00:00:00 +0000</pubDate>
      
      <guid>/blog/post-7/</guid>
      <description>Laoreet mauris odio ut nec. Nisl, sed adipiscing dignissim arcu placerat ornare pharetra nec in.</description>
    </item>
    
    <item>
      <title>What to consider before starting a business – Inside The Studio</title>
      <link>/blog/post-8/</link>
      <pubDate>Wed, 07 Jul 2021 00:00:00 +0000</pubDate>
      
      <guid>/blog/post-8/</guid>
      <description>Laoreet mauris odio ut nec. Nisl, sed adipiscing dignissim arcu placerat ornare pharetra nec in.</description>
    </item>
    
    <item>
      <title>About</title>
      <link>/about/</link>
      <pubDate>Mon, 01 Jan 0001 00:00:00 +0000</pubDate>
      
      <guid>/about/</guid>
      <description></description>
    </item>
    
    <item>
      <title>contact</title>
      <link>/contact/</link>
      <pubDate>Mon, 01 Jan 0001 00:00:00 +0000</pubDate>
      
      <guid>/contact/</guid>
      <description></description>
    </item>
    
    <item>
      <title>Process</title>
      <link>/process/</link>
      <pubDate>Mon, 01 Jan 0001 00:00:00 +0000</pubDate>
      
      <guid>/process/</guid>
      <description></description>
    </item>
    
  </channel>
</rss>
